asin,bsr,price,rating,review_count,keyword,search_rank
B089Z96M1T,,,4.4 out of 5,397 ratings,car polish spray,
B00TC5IA2E,,,4 out of 5,"5,976 ratings",car polish spray,33.0
B00TC5I66Y,,,4 out of 5,"40,602 ratings",car polish spray,5.0
B0B38V7RKG,,,4.2 out of 5,135 ratings,car polish spray,4.0
B07XYPS3PS,,,4 out of 5,"25,924 ratings",car polish spray,7.0
B0DYYLR6G2,,,4.4 out of 5,95 ratings,car polish spray,11.0
B004HCOE8Q,,,4.1 out of 5,"4,110 ratings",car polish spray,4.0
B0FP34FT52,,,4.7 out of 5,59 ratings,car polish spray,28.0
B00XCCQ4WG,,,4.3 out of 5,"8,005 ratings",car polish spray,
B0DP2TXTJB,,,4 out of 5,398 ratings,car polish spray,
B00RLK8UXG,,,4 out of 5,"2,709 ratings",car polish spray,8.0
B0007TV6M0,,,4.3 out of 5,"2,644 ratings",car polish spray,10.0
B00MHQ8JKS,,,4 out of 5,"11,691 ratings",car polish spray,9.0
B0C498Y9WR,,,3.8 out of 5,490 ratings,car polish spray,
B0F99Z7T48,,,4.6 out of 5,19 ratings,car polish spray,12.0
B07NW9D8FG,,,4.1 out of 5,"5,880 ratings",car polish spray,18.0
B01JOVEIJY,,,4.2 out of 5,"1,532 ratings",car polish spray,16.0
B00S5SAVQW,,,4.2 out of 5,"22,332 ratings",car polish spray,17.0
B00PKE6NIY,,,4.1 out of 5,"1,458 ratings",car polish spray,19.0
B0DHLKPLJ5,,,3.8 out of 5,34 ratings,car polish spray,29.0
B0CQ2K49SD,,,4 out of 5,312 ratings,car polish spray,20.0
B01J8311BG,,,4.3 out of 5,"1,300 ratings",car polish spray,15.0
B0BBBDPBNW,,,3.8 out of 5,"3,000 ratings",car polish spray,25.0
B08W5147DY,,,4.3 out of 5,383 ratings,car polish spray,34.0
B007O9CXHI,,,4.4 out of 5,"6,335 ratings",car polish spray,13.0
B089Z924BC,,,4.1 out of 5,785 ratings,car polish spray,23.0
B0FMFMW8RK,,,5 out of 5,11 ratings,car polish spray,14.0
B00TDGVMH2,,,4.2 out of 5,"1,118 ratings",car polish spray,26.0
B0B71CXXR6,,,4.1 out of 5,"3,503 ratings",car polish spray,3.0
B0DXLJ2QBG,,,3.6 out of 5,15 ratings,car polish spray,37.0
B071FTVB7C,,,4.2 out of 5,"1,011 ratings",car polish spray,38.0
B00MHP9DA4,,,4.2 out of 5,"11,033 ratings",car polish spray,35.0
B00ZFS87LQ,,,4.4 out of 5,"3,615 ratings",car polish spray,42.0
B07XYQJQMX,,,4.3 out of 5,"6,079 ratings",car polish spray,52.0
B0CQJXZH3D,,,3.9 out of 5,226 ratings,car polish spray,36.0
B00XCCQ0RK,,,4.3 out of 5,"8,005 ratings",car polish spray,39.0
B07QPCKGL4,,,4 out of 5,"40,602 ratings",car polish,5.0
B00MHP9DA4,,,4.2 out of 5,"11,033 ratings",car polish,7.0
B00MHQ8JKS,,,4 out of 5,"11,691 ratings",car polish,6.0
B00XCCQ0RK,,,4.3 out of 5,"8,005 ratings",car polish,9.0
B004HCOE8Q,,,4.1 out of 5,"4,110 ratings",car polish,3.0
B00S5SAVQW,,,4.2 out of 5,"22,332 ratings",car polish,14.0
B0B71CXXR6,,,4.1 out of 5,"3,503 ratings",car polish,1.0
B00TLKSJM6,,,3.8 out of 5,"3,038 ratings",car polish,17.0
B00TC5IA2E,,,4 out of 5,"5,976 ratings",car polish,8.0
B00TC5IHI6,,,4.1 out of 5,"5,189 ratings",car polish,13.0
B0060HVCEU,,,4.1 out of 5,"10,146 ratings",car polish,33.0
B0007TV6M0,,,4.3 out of 5,"2,644 ratings",car polish,34.0
B00RLK8UXG,,,4 out of 5,"2,709 ratings",car polish,32.0
B00DELY2K6,,,4.2 out of 5,"4,829 ratings",car polish,15.0
B091535CNK,,,3.7 out of 5,299 ratings,car polish,18.0
B0DYYLR6G2,,,4.4 out of 5,95 ratings,car polish,42.0
B0DXKNJCZM,,,3.7 out of 5,66 ratings,car polish,19.0
B00RLK8P2M,,,3.9 out of 5,"2,522 ratings",car polish,39.0
B00RLK8ZMM,,,3.8 out of 5,"3,960 ratings",car polish,26.0
B01DGRTC66,,,4.2 out of 5,"3,443 ratings",car polish,30.0
B00MHP9DA4,,,4.2 out of 5,"11,033 ratings",car body polish,6.0
B07QPCKGL4,,,4 out of 5,"40,602 ratings",car body polish,5.0
B00MHQ8JKS,,,4 out of 5,"11,691 ratings",car body polish,7.0
B0B71CXXR6,,,4.1 out of 5,"3,503 ratings",car body polish,1.0
B089Z9W3LV,,,4.6 out of 5,20 ratings,car body polish,
B004HCS4PK,,,4.7 out of 5,"3,540 ratings",car body polish,
B004HCOE8Q,,,4.1 out of 5,"4,110 ratings",car body polish,3.0
B0FP34FT52,,,4.7 out of 5,59 ratings,car body polish,10.0
B00XCCQ0RK,,,4.3 out of 5,"8,005 ratings",car body polish,16.0
B00TC5IA88,,,4 out of 5,"4,850 ratings",car body polish,11.0
B0DHLKPLJ5,,,3.8 out of 5,34 ratings,car body polish,18.0
B0DGGWPJW2,,,3.7 out of 5,32 ratings,car body polish,15.0
B00MINEUEO,,,4.2 out of 5,"22,332 ratings",car body polish,17.0
B00RLK8UXG,,,4 out of 5,"2,709 ratings",car body polish,14.0
B0060HVCEU,,,4.1 out of 5,"10,146 ratings",car body polish,27.0
B0FCDCDQ37,,,4.3 out of 5,97 ratings,car body polish,12.0
B00TLKSJM6,,,3.8 out of 5,"3,038 ratings",car body polish,19.0
B0B38V7RKG,,,4.2 out of 5,135 ratings,car body polish,26.0
B0060HVCHW,,,4.2 out of 5,"4,045 ratings",car body polish,33.0
B0BNLJKYCV,,,3.8 out of 5,144 ratings,car body polish,20.0
B071L4BWW5,,,3.8 out of 5,"3,108 ratings",car body polish,35.0
B07XYPS3PS,,,4 out of 5,"25,924 ratings",car body polish,30.0
B00RLK8M98,,,3.9 out of 5,"2,522 ratings",car body polish,36.0
B089Z924BC,,,4.1 out of 5,785 ratings,car body polish,28.0
B0DXKNJCZM,,,3.7 out of 5,66 ratings,car body polish,2.0
B08H5YKB9H,,,3.7 out of 5,"1,986 ratings",car body polish,25.0
B00ZFS87LQ,,,4.4 out of 5,"3,615 ratings",car body polish,42.0
B0BBBDPBNW,,,3.8 out of 5,"3,000 ratings",car body polish,37.0
B01DHJ4146,,,4.2 out of 5,"3,443 ratings",car body polish,41.0
B0007TV6M0,,,4.3 out of 5,"2,644 ratings",car body polish,34.0
B00TC5IA2E,,,4 out of 5,"5,976 ratings",car body polish,16.0
B015OJJR64,,,4.2 out of 5,"3,871 ratings",car body polish,38.0
B091535CNK,,,3.7 out of 5,299 ratings,car body polish,32.0
B00RLK8ZMM,,,3.8 out of 5,"3,960 ratings",car body polish,31.0
B0F6VT2LKP,,,3.4 out of 5,9 ratings,car body polish,39.0
B07NW9D8FG,,,4.1 out of 5,"5,880 ratings",car body polish,48.0
B01J8311BG,,,4.3 out of 5,"1,300 ratings",car body polish,44.0
B089Z9TL2D,,,3.9 out of 5,685 ratings,car body polish,47.0
B07XYQJQMX,,,4.3 out of 5,"6,079 ratings",car body polish,65.0
B0DP4V9FFC,,,3.8 out of 5,48 ratings,car body polish,51.0
B0D1PBQTM6,,,4 out of 5,18 ratings,car body polish,49.0
