Keyword,ASIN,Rank,BSR,Timestamp
car polish,B0F7FQSS12,Not found in top 100 results,"Best Sellers Rank#16,278 in Car & Motorbike (See Top 100 in Car & Motorbike)#191 inPolishes",2025-09-14 02:08:04
car body polish,B0F7FQSS12,"Page 1, Position 53","Best Sellers Rank#16,278 in Car & Motorbike (See Top 100 in Car & Motorbike)#191 inPolishes",2025-09-14 02:08:04
car wax polish,B0F7FQSS12,Not found in top 100 results,"Best Sellers Rank#16,278 in Car & Motorbike (See Top 100 in Car & Motorbike)#191 inPolishes",2025-09-14 02:08:04
body polish for cars,B0F7FQSS12,"Page 1, Position 30","Best Sellers Rank#16,278 in Car & Motorbike (See Top 100 in Car & Motorbike)#191 inPolishes",2025-09-14 02:08:04
car polish liquid,B0F7FQSS12,Not found in top 100 results,"Best Sellers Rank#16,278 in Car & Motorbike (See Top 100 in Car & Motorbike)#191 inPolishes",2025-09-14 02:08:04
car scratch remover polish,B0F7FQSS12,Not found in top 100 results,"Best Sellers Rank#16,278 in Car & Motorbike (See Top 100 in Car & Motorbike)#191 inPolishes",2025-09-14 02:08:04
car detailing polish,B0F7FQSS12,"Page 1, Position 57","Best Sellers Rank#16,278 in Car & Motorbike (See Top 100 in Car & Motorbike)#191 inPolishes",2025-09-14 02:08:04
car shine polish,B0F7FQSS12,"Page 2, Position 54","Best Sellers Rank#16,278 in Car & Motorbike (See Top 100 in Car & Motorbike)#191 inPolishes",2025-09-14 02:08:04
automotive body polish,B0F7FQSS12,Not found in top 100 results,"Best Sellers Rank#16,278 in Car & Motorbike (See Top 100 in Car & Motorbike)#191 inPolishes",2025-09-14 02:08:04
car exterior polish,B0F7FQSS12,Not found in top 100 results,"Best Sellers Rank#16,278 in Car & Motorbike (See Top 100 in Car & Motorbike)#191 inPolishes",2025-09-14 02:08:04
car rubbing polish,B0F7FQSS12,Not found in top 100 results,"Best Sellers Rank#16,278 in Car & Motorbike (See Top 100 in Car & Motorbike)#191 inPolishes",2025-09-14 02:08:04
car polishing cream,B0F7FQSS12,Not found in top 100 results,"Best Sellers Rank#16,278 in Car & Motorbike (See Top 100 in Car & Motorbike)#191 inPolishes",2025-09-14 02:08:04
car surface polish,B0F7FQSS12,Not found in top 100 results,"Best Sellers Rank#16,278 in Car & Motorbike (See Top 100 in Car & Motorbike)#191 inPolishes",2025-09-14 02:08:04
car wax body polish,B0F7FQSS12,Not found in top 100 results,"Best Sellers Rank#16,278 in Car & Motorbike (See Top 100 in Car & Motorbike)#191 inPolishes",2025-09-14 02:08:04
multipurpose car polish,B0F7FQSS12,"Page 3, Position 33","Best Sellers Rank#16,278 in Car & Motorbike (See Top 100 in Car & Motorbike)#191 inPolishes",2025-09-14 02:08:04
professional car polish,B0F7FQSS12,Not found in top 100 results,"Best Sellers Rank#16,278 in Car & Motorbike (See Top 100 in Car & Motorbike)#191 inPolishes",2025-09-14 02:08:04
car polish kit,B0F7FQSS12,Not found in top 100 results,"Best Sellers Rank#16,278 in Car & Motorbike (See Top 100 in Car & Motorbike)#191 inPolishes",2025-09-14 02:08:04
car cleaning polish,B0F7FQSS12,Not found in top 100 results,BSR not available,2025-09-14 02:08:04
car finish polish,B0F7FQSS12,Not found in top 100 results,"Best Sellers Rank#16,278 in Car & Motorbike (See Top 100 in Car & Motorbike)#191 inPolishes",2025-09-14 02:08:04
car polish spray,B0F7FQSS12,Not found in top 100 results,BSR not available,2025-09-14 02:08:04
car polish paste,B0F7FQSS12,Not found in top 100 results,BSR not available,2025-09-14 02:08:04
car polish compound,B0F7FQSS12,Not found in top 100 results,BSR not available,2025-09-14 02:08:04
vehicle body polish,B0F7FQSS12,Not found in top 100 results,BSR not available,2025-09-14 02:08:04
car paint polish,B0F7FQSS12,Not found in top 100 results,BSR not available,2025-09-14 02:08:04
all purpose car polish,B0F7FQSS12,Not found in top 100 results,BSR not available,2025-09-14 02:08:04
car polish for detailing,B0F7FQSS12,Not found in top 100 results,BSR not available,2025-09-14 02:08:04
car polish remover scratches,B0F7FQSS12,Not found in top 100 results,BSR not available,2025-09-14 02:08:04
high gloss car polish,B0F7FQSS12,Not found in top 100 results,BSR not available,2025-09-14 02:08:04
car restoration polish,B0F7FQSS12,Not found in top 100 results,BSR not available,2025-09-14 02:08:04
premium car polish,B0F7FQSS12,Not found in top 100 results,BSR not available,2025-09-14 02:08:04
car care polish,B0F7FQSS12,Not found in top 100 results,BSR not available,2025-09-14 02:08:04
car exterior shine polish,B0F7FQSS12,Not found in top 100 results,BSR not available,2025-09-14 02:08:04
liquid car body polish,B0F7FQSS12,Not found in top 100 results,BSR not available,2025-09-14 02:08:04
long lasting car polish,B0F7FQSS12,Not found in top 100 results,BSR not available,2025-09-14 02:08:04
scratch remover car polish,B0F7FQSS12,Not found in top 100 results,BSR not available,2025-09-14 02:08:04
car detailing wax polish,B0F7FQSS12,Not found in top 100 results,BSR not available,2025-09-14 02:08:04
showroom finish car polish,B0F7FQSS12,Not found in top 100 results,BSR not available,2025-09-14 02:08:04
best car polish in india,B0F7FQSS12,Not found in top 100 results,BSR not available,2025-09-14 02:08:04
car polish with wax,B0F7FQSS12,Not found in top 100 results,BSR not available,2025-09-14 02:08:04
car polish detailing kit,B0F7FQSS12,Not found in top 100 results,BSR not available,2025-09-14 02:08:04
professional body polish,B0F7FQSS12,Not found in top 100 results,BSR not available,2025-09-14 02:08:04
auto body polish,B0F7FQSS12,Not found in top 100 results,BSR not available,2025-09-14 02:08:04
car buffing polish,B0F7FQSS12,Not found in top 100 results,BSR not available,2025-09-14 02:08:04
car paint shine polish,B0F7FQSS12,Not found in top 100 results,BSR not available,2025-09-14 02:08:04
uv protection car polish,B0F7FQSS12,Not found in top 100 results,BSR not available,2025-09-14 02:08:04
quick shine car polish,B0F7FQSS12,Not found in top 100 results,BSR not available,2025-09-14 02:08:04
nano car polish,B0F7FQSS12,Not found in top 100 results,BSR not available,2025-09-14 02:08:04
ceramic car polish,B0F7FQSS12,Not found in top 100 results,BSR not available,2025-09-14 02:08:04
polish for black car,B0F7FQSS12,Not found in top 100 results,BSR not available,2025-09-14 02:08:04
polish for white car,B0F7FQSS12,Not found in top 100 results,BSR not available,2025-09-14 02:08:04
polish for silver car,B0F7FQSS12,Not found in top 100 results,BSR not available,2025-09-14 02:08:04
